NLC,NAME,EASTING,NORTHING,x,y,LINES,Zone
500,Acton Town,519478,179592,-0.278432824,51.50213702,"District, Piccadilly",3
501,Barbican,532004,181856,-0.097189673,51.51969921,"Circle, Hammersmith & City, Metropolitan",1
502,Aldgate,533613,181262,-0.0742363,51.51398203,"Circle, Metropolitan",1
503,Aldgate East,533936,181375,-0.069540402,51.51491653,"District, Hammersmith & City",1
504,Stratford International DLR,538128,184761,-0.007832275,51.54433906,DLR,"2,3"
505,Alperton,517996,183795,-0.298361133,51.54022715,Piccadilly,4
506,Amersham,496372,198181,-0.606146762,51.67366188,Metropolitan,9
507,Angel,531561,183100,-0.103116359,51.5309796,Northern,1
508,Archway,529364,186721,-0.13344404,51.56403452,Northern,"2,3"
509,Arnos Grove,529355,192498,-0.131434823,51.61595478,Piccadilly,4
510,Arsenal,531305,186112,-0.105674399,51.55811105,Piccadilly,2
511,Baker Street,527955,182064,-0.155454387,51.52249387,"Bakerloo, Circle, Jubilee, Hammersmith & City, Metropolitan",1
512,Balham LU,528480,173244,-0.151090206,51.44310998,Northern,3
513,Bank and Monument,532710,181120,-0.08729695,51.51291511,"Central, Circle, District, DLR, Northern, Waterloo & City",1
514,Barking,544359,184382,0.081813552,51.53937511,"District, Hammersmith & City, London Overground",4
515,Barkingside,544799,189494,0.090259547,51.58519895,Central,4
516,Barons Court,524046,178328,-0.213088174,51.48978737,"District, Piccadilly",2
517,Bayswater,525843,180823,-0.186322701,51.51181507,"Circle, District",1
518,Becontree,547628,184527,0.128978641,51.53983401,District,5
519,Belsize Park,527354,185089,-0.163016956,51.54982085,Northern,2
520,Bethnal Green LU,535044,182718,-0.053074702,51.52672839,Central,2
521,Blackfriars LU,531694,180893,-0.102020251,51.51111447,"Circle, District",1
522,Blackhorse Road,535761,189370,-0.040174342,51.58633801,"London Overground, Victoria",3
523,King George V,543237,180137,0.063920007,51.50151128,DLR,3
524,Bond Street,528491,181118,-0.148076884,51.51387033,"Central, Jubilee, TfL Rail",1
525,Borough,532440,179751,-0.091702818,51.50067969,Northern,1
526,Boston Manor,516334,178693,-0.32401176,51.494711,Piccadilly,4
527,Bounds Green,529984,191469,-0.122731021,51.60656487,Piccadilly,"3,4"
528,Bow Road,537090,182736,-0.02358427,51.52639287,"District, Hammersmith & City",2
529,Brent Cross,523874,187934,-0.212185251,51.57616797,Northern,3
530,Bromley-by-Bow,538050,182524,-0.009841042,51.52424987,"District, Hammersmith & City","2,3"
531,Buckhurst Hill,541778,193891,0.048455336,51.62548342,Central,5
532,Burnt Oak,520326,190760,-0.262398845,51.60233699,Northern,4
533,London City Airport,542250,180292,0.04977043,51.50315378,DLR,3
534,Caledonian Road,530558,184970,-0.116864262,51.54801774,Piccadilly,2
535,Camden Town,528910,183894,-0.141016888,51.53872412,Northern,2
536,Cannon Street LU,532611,180900,-0.088801035,51.51096254,"Circle, District",1
537,Canons Park,518187,191252,-0.293102561,51.60721294,Jubilee,5
538,Pontoon Dock,541219,180109,0.03485088,51.50176796,DLR,3
539,Chalfont & Latimer,499634,197564,-0.559159868,51.66754646,Metropolitan,8
540,Chalk Farm,528202,184391,-0.151037017,51.54335257,Northern,2
541,Chancery Lane,531124,181615,-0.109960547,51.5177395,Central,1
542,Embankment,530419,180396,-0.120562428,51.50694137,"Bakerloo, Circle, District, Northern",1
543,Chesham,496079,201633,-0.609421076,51.70474175,Metropolitan,9
544,Chigwell,543795,193021,0.077229167,51.61715195,Central,4
545,Chiswick Park,520293,178724,-0.266981606,51.49415785,District,3
546,Chorleywood,502581,196095,-0.516985176,51.65380677,Metropolitan,7
547,Clapham Common,529505,175338,-0.135588991,51.46169503,Northern,2
548,Clapham North,530039,175743,-0.127754372,51.4652144,Northern,2
549,Clapham South,528834,174323,-0.145610374,51.45272059,Northern,"2,3"
550,Cockfosters,528141,196370,-0.147553187,51.65103526,Piccadilly,5
551,Colindale,521319,189962,-0.248341905,51.59494713,Northern,4
552,Colliers Wood,526788,170368,-0.176460893,51.41763979,Northern,3
553,Covent Garden,530251,181025,-0.122759938,51.51263471,Piccadilly,1
554,Croxley,507909,195403,-0.44019171,51.64658792,Metropolitan,7
555,Dagenham East,550294,185030,0.167617456,51.54364955,District,5
556,Dagenham Heathway,549023,184710,0.149158377,51.54110645,District,5
557,Debden,544273,196122,0.085403181,51.64489405,Central,6
558,Dollis Hill,522190,185144,-0.237445148,51.55145847,Jubilee,3
559,West Silvertown,540460,180156,0.023940282,51.50237959,DLR,3
560,Ealing Broadway,517989,180933,-0.299418497,51.51449777,"Central, District, TfL Rail",3
561,Ealing Common,518896,180346,-0.286555479,51.50903565,"District, Piccadilly",3
562,Earl's Court,525534,178552,-0.19157701,51.4914734,"District, Piccadilly","1,2"
563,East Acton,521721,181198,-0.245569272,51.51609001,Central,2
564,Eastcote,511153,187622,-0.39578946,51.57601384,"Metropolitan, Piccadilly",5
565,East Finchley,527222,189184,-0.163438627,51.58665344,Northern,3
566,East Ham,542463,184275,0.054454908,51.5388975,"District, Hammersmith & City","3,4"
567,East Putney,524382,174870,-0.209468663,51.45863492,District,"2,3"
568,Edgware,519550,191940,-0.273183711,51.61311251,Northern,5
569,Edgware Road (DIS),527220,181697,-0.166170742,51.51936413,"Circle, District, Hammersmith & City",1
570,Elephant & Castle LU,531909,179142,-0.099577259,51.4953253,"Northern, Bakerloo","1,2"
571,Elm Park,552542,185716,0.200311564,51.54920911,District,6
572,Epping,546209,201538,0.115641374,51.69306818,Central,6
573,Woolwich Arsenal,543731,178811,0.070492592,51.48946942,DLR,4
574,Euston LU,529498,182668,-0.132992071,51.52757668,"Northern, Victoria",1
575,Euston Square,529417,182393,-0.134270582,51.52512499,"Circle, Hammersmith & City, Metropolitan",1
576,Fairlop,544936,190595,0.092688126,51.59505439,Central,4
577,Farringdon,531560,181874,-0.103582415,51.51996102,"Circle, Hammersmith & City, Metropolitan, TfL Rail",1
578,Finchley Central,525278,190668,-0.190951925,51.60043321,Northern,4
579,Finchley Road,526220,184716,-0.179489511,51.54672589,"Metropolitan, Jubilee",2
580,Finsbury Park,531330,186775,-0.105068129,51.56406609,"Piccadilly, Victoria",2
581,Fulham Broadway,525455,177302,-0.193168686,51.48025536,District,2
582,Gants Hill,543274,188430,0.067825538,51.57602949,Central,4
583,Gloucester Road,526183,178846,-0.182135121,51.49397763,"District, Piccadilly, Circle",1
584,Golders Green,525255,187480,-0.192420671,51.57178437,Northern,3
585,Goldhawk Road,523184,179608,-0.225049873,51.50148234,"Circle, Hammersmith & City",2
586,Goodge Street,529537,181837,-0.132736642,51.52009307,Northern,1
587,Grange Hill,544967,192559,0.093957755,51.61269646,Central,4
588,Great Portland Street,528838,182180,-0.142685711,51.52333822,"Circle, Hammersmith & City, Metropolitan",1
589,Greenford,514763,183928,-0.34492109,51.54208841,Central,4
590,Green Park,529007,180295,-0.140937126,51.50635747,"Jubilee, Piccadilly, Victoria",1
591,Gunnersbury,519845,178388,-0.273547129,51.49123204,"District, London Overground",3
592,Hainault,545080,191498,0.095143844,51.60313737,Central,4
593,Hammersmith (DIS),523461,178503,-0.22144689,51.49148885,"District, Piccadilly",2
594,Hampstead,526373,185761,-0.17692039,51.55608598,Northern,"2,3"
595,Hanger Lane,518527,182634,-0.291095909,51.52968038,Central,3
596,Harlesden,520875,183414,-0.256997378,51.53619355,"Bakerloo, London Overground",3
597,Harrow & Wealdstone,515443,189446,-0.333300136,51.59154651,"Bakerloo, London Overground",5
598,Harrow-on-the-Hill,515346,188038,-0.33516664,51.57891586,Metropolitan,5
599,Wood Lane,523374,180519,-0.221994162,51.50963208,"Circle, Hammersmith & City",2
601,Hendon Central,522986,188636,-0.224748399,51.58267136,Northern,"3,4"
602,High Barnet,525030,196180,-0.192561468,51.65002914,Northern,5
603,Highbury & Islington,531583,184874,-0.102125867,51.54691824,"London Overground, Victoria",2
604,Highgate,528535,188181,-0.144860652,51.577342,Northern,3
605,High Street Kensington,525578,179494,-0.190607248,51.49993492,"Circle, District",1
606,Hillingdon,507602,185035,-0.447812239,51.55344939,"Metropolitan, Piccadilly",6
607,Holborn,530512,181525,-0.1188087,51.51706879,"Central, Piccadilly",1
608,Holland Park,524626,180217,-0.204062863,51.50664438,Central,2
609,Holloway Road,530907,185450,-0.111653531,51.55225038,Piccadilly,2
610,Hornchurch,553944,186240,0.220754707,51.55353835,District,6
611,Hounslow Central,513568,175971,-0.364716069,51.470809,Piccadilly,4
612,Hounslow East,514255,176203,-0.3547554,51.47275219,Piccadilly,4
613,Hounslow West,512208,176197,-0.384218262,51.47310845,Piccadilly,5
614,Hyde Park Corner,528213,179817,-0.152546395,51.50224103,Piccadilly,1
615,Ickenham,508092,185938,-0.440467266,51.56146986,"Metropolitan, Piccadilly",6
616,Kennington,531599,178300,-0.104357247,51.48782707,Northern,"1,2"
617,Kensal Green,523257,182790,-0.222882378,51.5300656,"Bakerloo, London Overground",2
618,Kensington (Olympia),524342,179162,-0.208533266,51.49722528,"District, London Overground",2
619,Kentish Town,529009,185127,-0.13914119,51.54978865,Northern,2
620,Kenton,516728,188314,-0.315140189,51.58111281,"Bakerloo, London Overground",4
621,Kew Gardens,519196,176732,-0.283453589,51.47648632,"District, London Overground","3,4"
622,Kilburn,524583,184645,-0.203115567,51.54644842,Jubilee,2
623,Kilburn Park,525358,183328,-0.192420271,51.53444139,Bakerloo,2
624,Kingsbury,519359,188713,-0.277052309,51.58414203,Jubilee,4
625,King's Cross St. Pancras,530175,182875,-0.123168404,51.52927728,"Circle, Hammersmith & City, Metropolitan, Northern, Piccadilly, Victoria",1
626,Knightsbridge,527710,179636,-0.159863737,51.50073061,Piccadilly,1
627,Ladbroke Grove,524235,181339,-0.209304449,51.51681261,"Circle, Hammersmith & City",2
628,Lambeth North,531134,179456,-0.110624882,51.49833058,Bakerloo,1
629,Lancaster Gate,526711,180773,-0.173843886,51.51117805,Central,1
630,Latimer Road,523763,180898,-0.216257476,51.51295039,"Circle, Hammersmith & City",2
631,Leicester Square,529980,180824,-0.126725567,51.51089472,"Piccadilly, Northern",1
632,Leyton,538367,186076,-0.00386474,51.55609689,Central,3
633,Leytonstone,539279,187405,0.009807678,51.56781496,Central,"3,4"
634,Liverpool Street LU,533094,181567,-0.081601363,51.5168424,"Central, Circle, Hammersmith & City, London Overground, Metropolitan",1
635,London Bridge LU,532683,180189,-0.088037808,51.50455372,"Northern, Jubilee",1
636,Loughton,542319,195612,0.056970973,51.6408144,Central,6
637,Maida Vale,525940,182762,-0.184228557,51.52922219,Bakerloo,2
638,Manor House,532048,187482,-0.094452148,51.57024769,Piccadilly,"2,3"
639,Mansion House,532354,180932,-0.092495313,51.51130597,"Circle, District",1
640,Marble Arch,527960,181017,-0.155755638,51.51309055,Central,1
641,Marylebone LU,527459,181957,-0.162637346,51.52165079,Bakerloo,1
642,Mile End,536501,182534,-0.032150165,51.52472507,"District, Hammersmith & City, Central",2
643,Mill Hill East,524046,191450,-0.208460194,51.60773582,Northern,4
645,Moorgate,532668,181668,-0.087700241,51.5178533,"Circle, Hammersmith & City, Metropolitan",1
646,Moor Park,508606,193503,-0.430710233,51.6293749,Metropolitan,"6,7"
647,Morden,525670,168602,-0.193160282,51.40201673,Northern,4
648,Mornington Crescent,529192,183397,-0.137143461,51.53419787,Northern,2
649,Neasden,521342,185398,-0.24957656,51.5539234,Jubilee,3
650,Newbury Park,544920,188385,0.091554903,51.57519974,Central,4
653,North Acton,520828,181957,-0.258167978,51.52310534,Central,"2,3"
654,North Ealing,518828,181228,-0.287236576,51.51697561,Piccadilly,3
655,Northfields,517197,179206,-0.311409865,51.49914634,Piccadilly,3
656,North Harrow,513541,188613,-0.361021834,51.58444941,Metropolitan,5
657,Northolt,513213,184524,-0.367069735,51.54775741,Central,5
659,North Wembley,517668,186198,-0.302293996,51.56189247,"Bakerloo, London Overground",4
660,Northwick Park,516643,187964,-0.316478653,51.57797585,Metropolitan,4
661,Northwood,509230,191419,-0.422358538,51.61052039,Metropolitan,6
662,Northwood Hills,510308,190238,-0.407168137,51.59969703,Metropolitan,6
663,Notting Hill Gate,525285,180456,-0.194491212,51.5086469,"Central, Circle, District","1,2"
664,Oakwood,529390,195935,-0.129657109,51.64683948,Piccadilly,5
665,Old Street,532764,182419,-0.086025441,51.52457628,Northern,1
667,Osterley,514520,177097,-0.350640896,51.48073359,Piccadilly,4
668,Oval,531170,177565,-0.110799082,51.48132384,Northern,2
669,Oxford Circus,529047,181236,-0.140025246,51.51481046,"Bakerloo, Central, Victoria",1
670,Paddington TfL,526459,181527,-0.17719615,51.51800497,"Circle, District, Hammersmith & City",1
671,Park Royal,519142,182236,-0.282378071,51.52597425,Piccadilly,3
672,Parsons Green,524985,176647,-0.200166803,51.47447238,District,2
673,Perivale,516378,183315,-0.32183979,51.53624702,Central,4
674,Piccadilly Circus,529613,180666,-0.132081484,51.50955061,"Bakerloo, Piccadilly",1
675,Pinner,512236,189461,-0.379580851,51.59232907,Metropolitan,5
676,Plaistow,540003,183297,0.018612643,51.53072137,"District, Hammersmith & City",3
677,Preston Road,518249,187282,-0.293539223,51.57151381,Metropolitan,4
678,Putney Bridge,524519,175887,-0.207131382,51.46774182,District,2
679,Queensbury,518809,189763,-0.284629817,51.59369962,Jubilee,4
680,Queen's Park,524547,183200,-0.204142926,51.53347212,"Bakerloo, London Overground",2
681,Queensway,525903,180594,-0.185538472,51.50974305,Central,1
682,Ravenscourt Park,522571,178722,-0.234181724,51.49365752,District,2
683,Rayners Lane,512953,187515,-0.369864752,51.57469667,"Metropolitan, Piccadilly",5
684,Redbridge,541834,188358,0.047039301,51.5757446,Central,4
685,Regent's Park,528699,182113,-0.144708117,51.52277011,Bakerloo,1
686,Richmond,518077,175161,-0.300084253,51.46260595,"District, London Overground",4
687,Rickmansworth,505716,194601,-0.472133393,51.63979883,Metropolitan,7
688,Roding Valley,541590,192895,0.045340184,51.61657815,Central,4
690,Royal Oak,525834,181571,-0.186186162,51.51854003,"Circle, Hammersmith & City",2
691,Ruislip,509474,187004,-0.420215108,51.57079343,"Metropolitan, Piccadilly",6
692,Ruislip Gardens,510266,185852,-0.409140537,51.56027575,Central,5
693,Ruislip Manor,510160,187262,-0.410235646,51.57297789,"Metropolitan, Piccadilly",6
694,Russell Square,530229,182128,-0.122662273,51.52255053,Piccadilly,1
695,St. James's Park,529647,179498,-0.132021543,51.49905006,"Circle, District",1
696,St. John's Wood,526735,183391,-0.172545248,51.53469852,Jubilee,2
697,St. Paul's,532108,181274,-0.095907533,51.51444286,Central,1
698,Seven Sisters,533643,188931,-0.070894139,51.58289546,"London Overground, Victoria",3
700,Shepherd's Bush LU,523720,179884,-0.217238899,51.50384346,Central,2
702,Sloane Square,528091,178655,-0.15473274,51.49182524,"Circle, District",1
703,Snaresbrook,540157,188804,0.023019902,51.58017276,Central,4
704,South Ealing,517575,179354,-0.305919519,51.50039136,Piccadilly,3
705,Southfields,524726,173313,-0.205058529,51.4445635,District,3
706,Southgate,529676,194265,-0.126150933,51.6317626,Piccadilly,4
707,South Harrow,514321,186361,-0.350509518,51.56404932,Piccadilly,5
708,South Kensington,526918,178820,-0.171564291,51.49357736,"District, Piccadilly, Circle",1
709,South Kenton,517336,187060,-0.306785037,51.56971265,"Bakerloo, London Overground",4
710,South Ruislip,511097,185434,-0.39728854,51.55635983,Central,5
711,South Wimbledon,525736,169989,-0.191711278,51.41446924,Northern,"3,4"
712,South Woodford,540536,190063,0.028990141,51.59138934,Central,4
713,Stamford Brook,521859,178789,-0.244408726,51.49440814,District,2
714,Stanmore,517563,192573,-0.30167142,51.61921632,Jubilee,5
715,Stepney Green,535621,182136,-0.044974603,51.52135166,"District, Hammersmith & City",2
716,Stockwell,530460,176433,-0.121436641,51.47131386,"Northern, Victoria",2
717,Stonebridge Park,519616,184218,-0.27487576,51.54368887,"Bakerloo, London Overground",3
718,Charing Cross LU,530058,180378,-0.125777173,51.50686754,"Bakerloo, Northern",1
719,Stratford,538530,184395,-0.002182514,51.54094802,"Central, DLR, Jubilee, London Overground, TfL Rail","2,3"
720,Sudbury Hill,515412,185542,-0.335039246,51.55646384,Piccadilly,4
721,Sudbury Town,516875,184890,-0.314159662,51.55030341,Piccadilly,4
723,Swiss Cottage,526664,184335,-0.173237239,51.54319998,Jubilee,2
724,Temple,530959,180803,-0.112643564,51.5104742,"Circle, District",1
725,Theydon Bois,545542,199101,0.104967288,51.67133739,Central,6
726,Tooting Bec,528047,172374,-0.15763366,51.4353811,Northern,3
727,Tooting Broadway,527434,171443,-0.166791248,51.42715702,Northern,3
728,Tottenham Court Road,529815,181382,-0.128897348,51.51594793,"Central, Northern, TfL Rail",1
729,Tottenham Hale LU,534484,189471,-0.058547162,51.58754655,Victoria,3
730,Totteridge & Whetstone,526120,193989,-0.177599794,51.63009248,Northern,4
731,Tower Hill,533579,180755,-0.074913869,51.50943419,"Circle, District",1
733,Tufnell Park,529149,185860,-0.136858377,51.5563398,Northern,2
734,Turnham Green,521266,178779,-0.252958803,51.494448,"District, Piccadilly","2,3"
735,Turnpike Lane,531513,189638,-0.101359413,51.58975112,Piccadilly,3
736,Upminster,556146,186868,0.252767235,51.55857711,"District, London Overground",6
737,Upminster Bridge,555088,186770,0.237476635,51.55798569,District,6
738,Upney,545846,184254,0.103187503,51.53784406,District,4
739,Upton Park,541254,183793,0.036836325,51.53487026,"District, Hammersmith & City",3
740,Uxbridge,505661,184161,-0.4760666,51.54596187,"Metropolitan, Piccadilly",6
741,Victoria LU,528999,179130,-0.141485017,51.49588954,"Circle, District, Victoria",1
742,Walthamstow Central,537176,188994,-0.019895332,51.58261626,"London Overground, Victoria",3
743,Wanstead,540673,188254,0.030247766,51.57509659,Central,4
745,Warren Street,529249,182266,-0.136735811,51.52401887,"Northern, Victoria",1
746,Warwick Avenue,526112,182039,-0.182005998,51.52269118,Bakerloo,2
747,Waterloo LU,530968,179962,-0.112818812,51.50291418,"Bakerloo, Jubilee, Northern, Waterloo & City",1
748,Watford,509569,196596,-0.415832512,51.65699167,Metropolitan,7
749,Stratford High Street,538752,184020,0.000869889,51.53752645,DLR,"2,3"
750,Abbey Road,539077,183399,0.005308217,51.5318653,DLR,"2,3"
751,Wembley Central,518183,185085,-0.295237517,51.55177912,"Bakerloo, London Overground",4
752,Wembley Park,519316,186388,-0.278458638,51.56325938,"Metropolitan, Jubilee",4
753,West Acton,519373,181296,-0.279364414,51.51747345,Central,3
754,Westbourne Park,524901,181756,-0.199554267,51.52041239,"Circle, Hammersmith & City",2
755,West Brompton,525381,178024,-0.193973832,51.48676791,"District, London Overground",2
756,West Finchley,525546,191627,-0.186738929,51.60898928,Northern,4
757,West Ham,539131,182945,0.00590508,51.52776913,"District, DLR, Hammersmith & City, Jubilee","2,3"
758,West Hampstead LU,525592,184653,-0.188568627,51.54629707,Jubilee,2
759,West Harrow,514200,188029,-0.351706569,51.57906815,Metropolitan,5
760,West Kensington,524685,178398,-0.203860054,51.49027946,District,2
761,Westminster,530196,179668,-0.124052209,51.50045311,"Circle, District, Jubilee",1
762,West Ruislip,508379,186796,-0.436073394,51.56913097,Central,6
763,Whitechapel,534698,181851,-0.05838503,51.51901529,"District, Hammersmith & City, London Overground, TfL Rail",2
764,White City,523308,180748,-0.222866489,51.51170695,Central,2
765,Willesden Green,523329,184883,-0.221119357,51.54886838,Jubilee,"2,3"
766,Willesden Junction,521858,182960,-0.242978972,51.5318981,"Bakerloo, London Overground","2,3"
767,Wimbledon,524800,170684,-0.204921053,51.42091587,District,3
768,Wimbledon Park,525282,172100,-0.19749098,51.43353749,District,3
769,Woodford,540950,191740,0.035640856,51.60635963,Central,4
770,Wood Green,531015,190428,-0.108246806,51.5969712,Piccadilly,3
771,Woodside Park,525718,192588,-0.183907004,51.61758971,Northern,4
773,Hammersmith (H&C),523325,178698,-0.223334507,51.49327356,"Circle, Hammersmith & City",2
774,Edgware Road (Bak),527047,181759,-0.168645951,51.51996099,Bakerloo,1
775,Shepherd's Bush Market,523197,180064,-0.224700725,51.50558155,"Circle, Hammersmith & City",2
776,Pimlico,529671,178333,-0.132103672,51.48856954,Victoria,1
777,Vauxhall LU,530337,177973,-0.122646146,51.48518446,Victoria,"1,2"
778,Brixton LU,531052,175429,-0.113288835,51.46215131,Victoria,2
779,Hatton Cross,509608,175363,-0.42189306,51.4661174,Piccadilly,"5,6"
780,Heathrow Terminals 123 LU,507586,175840,-0.450857772,51.47079421,Piccadilly,6
781,Heathrow Terminal 4 LU,508082,174430,-0.444145672,51.45802947,Piccadilly,6
783,Heathrow Terminal 5 LU,505109,175924,-0.486475608,51.47201647,Piccadilly,6
784,Southwark,531592,180074,-0.103788452,51.50377646,Jubilee,1
787,Bermondsey,534460,179416,-0.062745893,51.49718984,Jubilee,2
788,Canada Water,535475,179472,-0.048105945,51.49744864,"Jubilee, London Overground",2
789,North Greenwich,539216,179859,0.005908784,51.50002099,Jubilee,"2,3"
831,Nine Elms,530058,177332,-0.128500983,51.48000105,Northern,1
832,Battersea Power Station,529122,177252,-0.142001351,51.47949634,Northern,1
842,Canary Wharf DLR,537450,180322,-0.019337121,51.50461022,DLR,2
850,All Saints,537979,180993,-0.011456278,51.51051157,DLR,2
851,Bow Church,537393,182829,-0.01918061,51.52715522,DLR,2
852,Canary Wharf LU,537677,180140,-0.016134819,51.50291749,Jubilee,2
853,Langdon Park,537894,181442,-0.012505001,51.51456754,DLR,2
854,Crossharbour,537927,179309,-0.012863868,51.49538997,DLR,2
855,Heron Quays,537421,180122,-0.019832666,51.50281981,DLR,2
856,Island Gardens,538227,178444,-0.008883221,51.48754261,DLR,2
857,Mudchute,537904,178750,-0.013413578,51.49037168,DLR,2
858,Poplar,537701,180617,-0.015607274,51.50720026,DLR,2
859,Pudding Mill Lane,537847,183568,-0.012349897,51.53368602,DLR,"2,3"
860,Shadwell DLR,534947,180986,-0.05512963,51.51118155,DLR,2
861,South Quay,537597,179824,-0.017414424,51.50009877,DLR,2
862,Limehouse DLR,536127,181086,-0.038095069,51.51179704,DLR,2
864,Tower Gateway,533706,180834,-0.073061976,51.51011047,DLR,1
865,Westferry,537023,180798,-0.025301528,51.50899182,DLR,2
866,West India Quay,537495,180586,-0.018586106,51.50697183,DLR,2
867,Devons Road,537639,182257,-0.015859691,51.52195436,DLR,2
879,Cutty Sark,538206,177733,-0.009463903,51.48115778,DLR,"2,3"
882,Blackwall,538398,180664,-0.005550544,51.50745237,DLR,2
883,East India,538732,180831,-0.000674542,51.50887121,DLR,"2,3"
884,Canning Town,539428,181377,0.009568884,51.51360991,"DLR, Jubilee ","2,3"
886,Royal Victoria,540122,180852,0.019349595,51.50871834,DLR,3
887,Custom House,540731,180925,0.028149357,51.50922299,"DLR, TfL Rail",3
888,Prince Regent,541264,180899,0.035815177,51.50885626,DLR,3
889,Star Lane,539145,182115,0.005780604,51.52030887,DLR,"2,3"
890,Royal Albert,542077,180815,0.047489859,51.50789742,DLR,3
891,Beckton Park,542705,180873,0.056557435,51.50826026,DLR,3
893,Cyprus,543331,180860,0.065567428,51.50798477,DLR,3
894,Gallions Reach,543872,180929,0.073386821,51.50846722,DLR,3
895,Beckton,543165,181514,0.063442568,51.51390419,DLR,3
897,Deptford Bridge,537438,176892,-0.020845808,51.47378671,DLR,"2,3"
898,Elverson Road,537877,176280,-0.014766759,51.46817948,DLR,"2,3"
928,Greenwich,538052,177334,-0.011836627,51.47760944,DLR,"2,3"
940,Lewisham DLR,538046,175946,-0.012465383,51.46513641,DLR,"2,3"
1022,Haggerston,533560,183992,-0.073966769,51.53852752,London Overground,2
1023,Hoxton,533576,183148,-0.074056385,51.53093841,London Overground,"1,2"
1024,Shoreditch High Street,533555,182248,-0.074700292,51.52285471,London Overground,1
1039,Rotherhithe,535299,179811,-0.050510094,51.50053752,London Overground,2
1082,Shadwell LO,534932,180932,-0.055365921,51.51070004,London Overground,2
1083,Surrey Quays,535631,178962,-0.046055836,51.49282777,London Overground,2
1085,Wapping,535023,180174,-0.054345515,51.50386599,London Overground,2
1335,Barking Riverside,546824,182141,0.114764,51.519108,London Overground,4
1395,Bushey,511823,195237,-0.38369919,51.64433251,London Overground,8
1398,Hatch End,513054,191323,-0.367177631,51.60890473,London Overground,6
1402,Watford Junction,511021,197351,-0.394615064,51.6634936,London Overground,8
1404,Acton Central,520296,181196,-0.263430195,51.50875735,London Overground,3
1409,Gospel Oak,528277,185673,-0.149494861,51.55486145,London Overground,2
1413,Hampstead Heath,527265,185636,-0.164099101,51.55475816,London Overground,2
1415,Kilburn High Road,525475,183594,-0.190635722,51.53680577,London Overground,2
1421,West Hampstead LO,525579,184651,-0.188759559,51.54628297,London Overground,2
1429,Dalston Kingsland,533528,185027,-0.074035153,51.54783695,London Overground,2
1437,Brondesbury,524760,184467,-0.200631035,51.5448108,London Overground,2
1438,Brondesbury Park,524227,183953,-0.208495753,51.54030862,London Overground,2
1439,Caledonian Road & Barnsbury,530765,184374,-0.114106929,51.54261531,London Overground,2
1440,Camden Road,529171,184178,-0.137154414,51.54122083,London Overground,2
1441,Canonbury,532384,185035,-0.090522836,51.54817851,London Overground,2
1442,Carpenders Park,511833,193398,-0.384142381,51.62780024,London Overground,7
1443,Dalston Junction,533578,184692,-0.07344152,51.5448144,London Overground,2
1444,Euston NR,529608,182690,-0.131403702,51.52774704,London Overground,1
1445,Finchley Road & Frognal,526063,185057,-0.181637018,51.54982406,London Overground,2
1448,Kensal Rise,523578,183250,-0.218097094,51.53413249,London Overground,2
1449,Kentish Town West,528597,184691,-0.145240267,51.54596266,London Overground,2
1451,South Hampstead,526369,184096,-0.177570816,51.54111829,London Overground,2
1452,South Acton,520148,179250,-0.268894276,51.49891951,London Overground,3
1455,Watford High Street,511326,196075,-0.390612987,51.6519637,London Overground,8
1524,Upper Holloway,529776,186621,-0.127532858,51.56303879,London Overground,2
3000,Acton Main Line,520357,182233,-0.2668,51.5171,TfL Rail,3
3087,Paddington NR,526659,181314,-0.174388339,51.51605291,TfL Rail,1
3147,Maidenhead,488724,180745,-0.722674911,51.51866743,TfL Rail,-1
3149,Reading,471527,173813,-0.971877621,51.45878457,TfL Rail,-1
3151,Taplow,491579,181340,-0.681384851,51.52356084,TfL Rail,-1
3155,Twyford,479041,175787,-0.863306993,51.47553253,TfL Rail,-1
3170,Iver,503729,179898,-0.506740419,51.5085013,TfL Rail,-1
3171,Langley,501299,179800,-0.541770556,51.50806077,TfL Rail,-1
3172,Slough,497838,180157,-0.591524825,51.51187888,TfL Rail,-1
3174,West Drayton,506124,180122,-0.472176084,51.51007045,TfL Rail,6
3176,Burnham,494007,181378,-0.646388208,51.52350399,TfL Rail,-1
3186,Headstone Lane,513869,190584,-0.355651952,51.60209779,London Overground,5
3186,Hayes and Harlington,509717,179417,-0.420641893,51.50304839,TfL Rail,5
3187,Southall,512620,179804,-0.378711181,51.50595629,TfL Rail,4
3188,West Ealing,516690,180749,-0.319782949,51.51362468,TfL Rail,3
3191,Hanwell,514944,180392,-0.343467405,51.51026707,TfL Rail,4
5131,Abbey Wood,547297,179002,0.003723371,51.531952,TfL Rail,4
5150,New Cross,536751,177109,-0.030648703,51.47590464,London Overground,2
5301,Clapham High Street,529804,175717,-0.131145084,51.46503062,London Overground,2
5345,New Cross Gate,536195,176937,-0.038716887,51.47449297,London Overground,2
5356,Crystal Palace,534111,170555,-0.071128264,51.41763277,London Overground,"3,4"
5362,Forest Hill,535400,172936,-0.051690278,51.43872534,London Overground,3
5372,Wandsworth Road,529390,176196,-0.136926893,51.46943062,London Overground,2
5376,Norwood Junction,534012,168233,-0.073428759,51.39678711,London Overground,4
5378,Penge West,534942,170503,-0.059203378,51.41696823,London Overground,4
5397,Anerley,534617,169899,-0.06410424,51.411617,London Overground,4
5404,Brockley,536431,175789,-0.035763775,51.46411871,London Overground,2
5411,West Croydon NR,532133,166072,-0.101229704,51.37780543,London Overground,5
5418,Honor Oak Park,535896,174137,-0.044096334,51.44940041,London Overground,3
5420,Battersea Park,528703,176999,-0.14812376,51.47731808,London Overground,2
5421,Denmark Hill,532792,176078,-0.088015106,51.46758176,London Overground,2
5423,Peckham Rye,534222,176360,-0.067330906,51.46977879,London Overground,2
5424,Queens Road Peckham,535011,176751,-0.055827609,51.47310519,London Overground,2
5437,Sydenham,535369,171585,-0.052652564,51.42659082,London Overground,3
5595,Clapham Junction,527211,175416,-0.16856542,51.4629141,London Overground,2
6560,Canary Wharf EL,537650,180451,-0.0180268,51.5062331,TfL Rail,2
6562,Woolwich,543931,178994,0.071819,51.491578,TfL Rail,4
6814,Cheshunt,536644,202316,-0.022373213,51.70246665,London Overground,8
6867,Hackney Downs,534551,185122,-0.059252378,51.54844772,London Overground,2
6872,Brentwood,559339,193033,0.301589064,51.61307149,TfL Rail,9
6874,Chadwell Heath,547676,187607,0.130973337,51.56749975,TfL Rail,5
6876,Forest Gate,540470,185339,0.02615387,51.54895648,TfL Rail,3
6877,Gidea Park,552906,189285,0.2071101,51.58117713,TfL Rail,6
6878,Goodmayes,546398,187292,0.112414564,51.56500163,TfL Rail,4
6879,Harold Wood,554777,190568,0.234666819,51.59219909,TfL Rail,6
6881,Ilford,543535,186486,0.07080065,51.55848898,TfL Rail,4
6883,Manor Park,541951,185707,0.047651015,51.55189321,TfL Rail,4
6886,Romford,551387,188501,0.184863954,51.57454494,"London Overground, TfL Rail",6
6888,Shenfield,561361,194981,0.331671253,51.6300009,TfL Rail,-1
6893,Seven Kings,545454,187093,0.098722803,51.5634541,TfL Rail,4
6913,Bush Hill Park,533690,195389,-0.067751096,51.64092455,London Overground,5
6914,Chingford,539210,194632,0.011677573,51.63278212,London Overground,5
6919,Highams Park,538582,191843,0.00150512,51.607873,London Overground,4
6926,Clapton,534775,186528,-0.055484597,51.56103029,London Overground,"2,3"
6934,Stoke Newington,533723,186850,-0.070536111,51.56417453,London Overground,2
6941,Edmonton Green,534318,193573,-0.059376907,51.62445425,London Overground,4
6947,Southbury,534904,196237,-0.049888718,51.64825562,London Overground,5
6949,Theobalds Grove,535936,201110,-0.033083485,51.69180047,London Overground,7
6952,Turkey Street,535121,198870,-0.045735795,51.67186641,London Overground,6
6954,Wood Street,538493,189407,-0.000741221,51.58600285,London Overground,4
6956,White Hart Lane,533693,191333,-0.069256013,51.60447174,London Overground,3
6958,Bruce Grove,533800,190100,-0.068182034,51.59336509,London Overground,3
6959,Enfield Town,532968,196562,-0.077733958,51.65163779,London Overground,5
6961,Bethnal Green LO,534721,182351,-0.057862441,51.52350343,London Overground,2
6962,Cambridge Heath,534856,183270,-0.055565622,51.53173049,London Overground,2
6965,Liverpool Street NR,533094,181567,-0.080013644,51.51752768,TfL Rail,1
6966,London Fields,534775,184246,-0.056359095,51.54052142,London Overground,2
6967,Rectory Road,534011,186171,-0.066636749,51.55800392,London Overground,2
6968,Stamford Hill,533392,187955,-0.074878256,51.57418005,London Overground,3
6970,Maryland,539190,184924,0.007539167,51.54554249,TfL Rail,3
6972,Silver Street,533922,192445,-0.065526104,51.61440848,London Overground,4
6973,St James Street,536402,188694,-0.032804562,51.58060861,London Overground,3
6977,Hackney Central,534837,184916,-0.055208719,51.54652805,London Overground,3
6978,Hackney Wick,537166,184589,-0.021765777,51.54302792,London Overground,2
6979,Homerton,535848,184939,-0.040627028,51.54649227,London Overground,2
7090,Heathrow Terminals 2 & 3 EL,507586,175840,-0.450857772,51.47079421,TfL Rail,6
7091,Heathrow Terminal 4 EL,508082,174430,-0.444145672,51.45802947,TfL Rail,6
7401,Harringay Green Lanes,531874,188183,-0.096693484,51.57659043,London Overground,3
7402,Leyton Midland Road,538191,187523,-0.00583941,51.56914561,London Overground,3
7403,Leytonstone High Road,539245,186921,0.009121703,51.56347619,London Overground,3
7404,South Tottenham,533687,188621,-0.070375895,51.58009969,London Overground,3
7406,Crouch Hill,530590,187513,-0.115463356,51.57086778,London Overground,3
7407,Walthamstow Queen's Road,537018,188807,-0.022254511,51.58097129,London Overground,3
7408,Wanstead Park,540570,185590,0.027694662,51.55118604,London Overground,3
7467,Woodgrange Park,541821,185350,0.045631091,51.54871611,London Overground,"3,4"
7473,Emerson Park,553962,187871,0.221721192,51.56818654,London Overground,6
8776,West Croydon (Tramlink),532210,166142,-0.100095218,51.37841469,Tramlink,5
8777,Wimbledon (Tramlink),524838,170637,-0.204395752,51.42048966,Tramlink,3
8779,Woodside,534701,167101,-0.063965962,51.38645328,Tramlink,5
9440,Addiscombe,534188,166297,-0.07162576,51.37934189,Tramlink,5
9441,Addington Village,537066,163744,-0.031284121,51.35570988,Tramlink,6
9442,Ampere Way,530664,166485,-0.122172554,51.3818536,Tramlink,4
9443,Arena,535194,167627,-0.056679487,51.39105665,Tramlink,4
9444,Avenue Road,535745,169322,-0.048118188,51.40615963,Tramlink,4
9445,Beckenham Junction (Tramlink),537365,169843,-0.024636241,51.41045194,Tramlink,4
9446,Beckenham Road,536190,169660,-0.04159356,51.40909636,Tramlink,4
9449,Beddington Lane,529316,167236,-0.141260885,51.38891199,Tramlink,4
9450,Belgrave Walk,526809,168456,-0.176840028,51.40044481,Tramlink,4
9454,Birkbeck (Tramlink),535305,168963,-0.054580141,51.40304289,Tramlink,4
9459,Blackhorse Lane,534377,166865,-0.06870387,51.3844061,Tramlink,5
9460,Church Street,532037,165557,-0.102795537,51.37319514,Tramlink,5
9464,Coombe Lane,535159,164090,-0.058520648,51.35927821,Tramlink,5
9468,Dundonald Road,524728,170256,-0.206116509,51.41708633,Tramlink,3
9470,East Croydon (Tramlink),532851,165702,-0.09106147,51.37431604,Tramlink,5
9471,Elmers End (Tramlink),535779,168391,-0.047979561,51.39779044,Tramlink,4
9472,Fieldway,537684,163173,-0.022640017,51.3504305,Tramlink,6
9473,George Street,532408,165587,-0.097458992,51.37338118,Tramlink,5
9474,Gravel Hill,536373,163537,-0.041304236,51.35401751,Tramlink,6
9475,Harrington Road,535017,168522,-0.058885135,51.3991503,Tramlink,4
9476,King Henry's Drive,537977,162560,-0.018665196,51.3448509,Tramlink,6
9477,Lebanon Road,533348,165756,-0.08389645,51.37468254,Tramlink,5
9478,Lloyd Park,533715,164541,-0.079087981,51.36367068,Tramlink,5
9479,Merton Park,525179,169835,-0.199772348,51.41320626,Tramlink,3
9480,Mitcham,527331,168086,-0.16947597,51.39700089,Tramlink,4
9481,Mitcham Junction (Tramlink),528300,167568,-0.155733719,51.39213248,Tramlink,4
9482,Morden Road,525779,169309,-0.191339995,51.408346,Tramlink,4
9484,New Addington,538198,162244,-0.015617483,51.34195708,Tramlink,6
9485,Phipps Bridge,526529,168725,-0.180769806,51.40292944,Tramlink,4
9486,Reeves Corner,531903,165672,-0.104688108,51.37426316,Tramlink,5
9487,Sandilands,533890,165741,-0.07612476,51.37441486,Tramlink,5
9488,Centrale,532066,165786,-0.102295527,51.37525458,Tramlink,5
9491,Therapia Lane,530283,166842,-0.127515047,51.38515495,Tramlink,4
9497,Waddon Marsh,531090,165897,-0.116278811,51.37647839,Tramlink,5
9498,Wandle Park,531414,165512,-0.111770014,51.37293871,Tramlink,5
9499,Wellesley Road,532506,165769,-0.095978591,51.37499854,Tramlink,5
9586,Imperial Wharf,526291,176691,-0.181347614,51.47457995,London Overground,2
9587,Shepherd's Bush NR,523720,179920,-0.217219888,51.50417089,London Overground,2
9846,Heathrow Terminal 5 EL,505109,175924,-0.486475608,51.47201647,TfL Rail,6